epoch,train_recon_loss,val_fused_recon_loss,val_vae_recon_loss
0,0.014350026845932007,0.012307586148381233,0.0031533492729067802
