{
  "best_val_fused_recon_loss": 0.012307586148381233,
  "last_train_recon_loss": 0.014350026845932007,
  "last_val_fused_recon_loss": 0.012307586148381233,
  "last_val_vae_recon_loss": 0.0031533492729067802
}