{
  "best_epoch": 0,
  "best_val_fused_recon_loss": 0.017787721008062363,
  "last_train_recon_loss": 0.015702195465564728,
  "last_val_fused_recon_loss": 0.017787721008062363,
  "last_val_vae_recon_loss": 0.0031533492729067802
}