epoch,train_recon_loss,val_fused_recon_loss,val_vae_recon_loss
0,0.013478538952767849,0.01201852411031723,0.0028853195253759623
