epoch,train_recon_loss,val_fused_recon_loss,val_vae_recon_loss
0,0.011413692721518976,0.008734356728382409,0.0030995304114185274
1,0.008532725948968837,0.007659167051315308,0.0030995304114185274
2,0.007072761044676961,0.006334631587378681,0.0030995304114185274
3,0.006227153562137793,0.005808042013086379,0.0030995304114185274
4,0.005608022196924892,0.005498348153196275,0.0030995304114185274
