{
  "best_epoch": 4,
  "best_val_fused_recon_loss": 0.005498348153196275,
  "last_train_recon_loss": 0.005608022196924892,
  "last_val_fused_recon_loss": 0.005498348153196275,
  "last_val_vae_recon_loss": 0.0030995304114185274
}